publish_date,time,platform,format,series,title,track_ids,status,url,notes
2026-10-02,,Distributor,upload,dung-day,Sau Mùa Giông,HB-002,planned,,Upload + credits + tắt Content ID; ngày phát hành 23/10
2026-10-16,,Spotify for Artists,pitch,dung-day,Sau Mùa Giông,HB-002,planned,,Hạn chót pitch editorial
2026-10-16,19:00,TikTok/Shorts,short,dung-day,"Teaser: Bão không quật ngã — bão lay… rễ sâu",HB-002,planned,,Teaser #1
2026-10-20,19:00,TikTok/Shorts,short,dung-day,Hậu trường viết lời Sau Mùa Giông,HB-002,planned,,Teaser #2
2026-10-23,,Spotify/Apple,single,dung-day,Sau Mùa Giông,HB-002,planned,,🚀 Single ra mắt Senore
2026-10-23,19:00,YouTube,lyric-video,dung-day,Sau Mùa Giông - Senore (Lyric Video),HB-002,planned,,Cùng ngày single
2026-11-06,,Spotify/Apple,single,doi-nguoi,Tảng Đá,HB-001,planned,,Single #2 — upload trước 16/10
2026-10-01,19:00,TikTok,short,doi-nguoi,Tảng đá ấy chính là tôi.,HB-001,planned,,HB-001_short-01_hook-chorus.mp4
2026-10-02,19:00,TikTok,short,dung-day,Bão không quật ngã — bão lay… rễ sâu.,HB-002,planned,,HB-002_short-01_hook-bao-lay-re-sau.mp4
2026-10-03,19:00,TikTok,short,doi-nguoi,POV: bạn đã chờ rất lâu để được ai đó nhìn thấy,HB-001,planned,,HB-001_short-02_pov-cho-duoc-tim-thay.mp4
2026-10-04,19:00,TikTok,short,dung-day,POV: bạn vừa thất bại thêm một lần nữa… và vẫn đứng dậy,HB-002,planned,,HB-002_short-02_pov-van-dung-day.mp4
2026-10-05,19:00,TikTok,short,doi-nguoi,Khi bạn đã thôi chờ đợi… thì có người tìm thấy bạn,HB-001,planned,,HB-001_short-03_tu-bo-cuoc-den-duoc-tim-thay.mp4
2026-10-06,19:00,TikTok,short,dung-day,Tôi viết bài này bằng thể thơ lục bát,HB-002,planned,,HB-002_short-03_luc-bat.mp4
2026-10-07,19:00,TikTok,short,doi-nguoi,“Tôi là tác phẩm mang dáng hình của chính mình”,HB-001,planned,,HB-001_short-04_rap-tac-pham.mp4
2026-10-08,19:00,TikTok,short,dung-day,"Nếu không có một mùa giông, làm sao biết rễ đã lồng vào sâu?",HB-002,planned,,HB-002_short-04_bridge-mua-giong.mp4
2026-10-09,19:00,TikTok,short,dung-day,Gửi người đang đứng giữa giông bão của đời mình,HB-002,planned,,HB-002_short-05_gui-nguoi-giua-giong-bao.mp4
2026-10-10,19:00,TikTok,short,doi-nguoi,Gửi người vẫn đang chờ được tìm thấy,HB-001,planned,,HB-001_short-05_gui-nguoi-dang-cho.mp4
